Janis Mccullough,3
Camille Salinas,1
Maria Bonine,4
Jesse Stacy,2
Louis Cozzolino,3
Carmen Burch,1
Johnny Mcintyre,1
Paul Zehender,1
Roy Scott,2
Doris Banks,3
Hilda Murphy,4
Lloyd Cotton,1
Kenneth Hudson,3
Amy Bernard,4
Jeffrey Gilchrest,2
Corrinne Hamilton,1
James Wilson,1
Jermaine Mcglothian,3
David Beckett,3
Jerrold Blecha,1
Alexandra Smith,1
Noah Poloskey,2
Robert Strickland,2
Angelina Smoot,3
Petra Sharp,4
Robert Brailey,2
Kristen Frost,1
Cruz Hayes,1
Joseph Bean,2